<application>
  <component name="GeneralSettings">
    <option name="confirmExit" value="false" />
    <option name="searchInBackground" value="true" />
  </component>
  <component name="Registry">
    <entry key="ide.firstStartup" value="false" />
    <entry key="dumb.aware.run.configurations" value="true" />
    <entry key="debugger.watches.in.variables" value="false" />
    <entry key="nodejs.console.use.terminal" value="true" />
    <entry key="ide.mac.allowDarkWindowDecorations" value="true" />
  </component>
</application>