<application>
  <component name="MessDetector">
    <phpmd_settings_migrated />
    <phpmd_settings>
      <MessDetectorConfiguration tool_path="$USER_HOME$/Sites/bonoparques/magento/vendor/phpmd/phpmd/src/bin/phpmd" />
    </phpmd_settings>
  </component>
  <component name="PhpCodeSniffer">
    <phpcs_settings_migrated />
    <phpcs_settings>
      <PhpCSConfiguration tool_path="~/.composer/vendor/bin/phpcs" />
    </phpcs_settings>
  </component>
  <component name="PhpInterpreters">
    <interpreters>
      <interpreter id="35ec2d30-87f1-4f4c-8912-c9c2df15cd72" name="PHP" home="/usr/local/bin/php" debugger_id="php.debugger.XDebug" debugger_extension="/usr/local/opt/php@7.2/pecl/20170718/xdebug.so" />
    </interpreters>
  </component>
  <component name="PhpInterpretersPhpInfoCache">
    <phpInfoCache>
      <interpreter name="PHP">
        <phpinfo binary_type="PHP" php_cgi="/usr/local/Cellar/php@7.2/7.2.21/bin/php-cgi" php_cli="/usr/local/Cellar/php@7.2/7.2.21/bin/php" path_separator=":" version="7.2.21">
          <additional_php_ini>/usr/local/etc/php/7.2/conf.d/ext-opcache.ini, /usr/local/etc/php/7.2/conf.d/ext-xdebug.ini</additional_php_ini>
          <configuration_file>/usr/local/etc/php/7.2/php.ini</configuration_file>
          <configuration_options>
            <configuration_option name="include_path" value=".:/usr/local/Cellar/php@7.2/7.2.21/share/php@7.2/pear" />
          </configuration_options>
          <debuggers>
            <debugger_info debugger="xdebug" debugger_version="2.7.2">
              <debug_extensions />
            </debugger_info>
          </debuggers>
          <loaded_extensions>
            <extension name="Core" />
            <extension name="PDO" />
            <extension name="PDO_ODBC" />
            <extension name="Phar" />
            <extension name="Reflection" />
            <extension name="SPL" />
            <extension name="SimpleXML" />
            <extension name="Zend OPcache" />
            <extension name="bcmath" />
            <extension name="bz2" />
            <extension name="calendar" />
            <extension name="ctype" />
            <extension name="curl" />
            <extension name="date" />
            <extension name="dba" />
            <extension name="dom" />
            <extension name="exif" />
            <extension name="fileinfo" />
            <extension name="filter" />
            <extension name="ftp" />
            <extension name="gd" />
            <extension name="gettext" />
            <extension name="gmp" />
            <extension name="hash" />
            <extension name="iconv" />
            <extension name="intl" />
            <extension name="json" />
            <extension name="ldap" />
            <extension name="libxml" />
            <extension name="mbstring" />
            <extension name="mysqli" />
            <extension name="mysqlnd" />
            <extension name="odbc" />
            <extension name="openssl" />
            <extension name="pcntl" />
            <extension name="pcre" />
            <extension name="pdo_dblib" />
            <extension name="pdo_mysql" />
            <extension name="pdo_pgsql" />
            <extension name="pdo_sqlite" />
            <extension name="pgsql" />
            <extension name="phpdbg_webhelper" />
            <extension name="posix" />
            <extension name="pspell" />
            <extension name="readline" />
            <extension name="session" />
            <extension name="shmop" />
            <extension name="soap" />
            <extension name="sockets" />
            <extension name="sodium" />
            <extension name="sqlite3" />
            <extension name="standard" />
            <extension name="sysvmsg" />
            <extension name="sysvsem" />
            <extension name="sysvshm" />
            <extension name="tidy" />
            <extension name="tokenizer" />
            <extension name="wddx" />
            <extension name="xdebug" />
            <extension name="xml" />
            <extension name="xmlreader" />
            <extension name="xmlrpc" />
            <extension name="xmlwriter" />
            <extension name="xsl" />
            <extension name="zip" />
            <extension name="zlib" />
          </loaded_extensions>
        </phpinfo>
      </interpreter>
    </phpInfoCache>
  </component>
</application>