<application>
  <component name="ProjectManager">
    <defaultProject>
      <component name="CopyrightManager" default="Interactiv4">
        <LanguageOptions name="SCSS">
          <option name="fileTypeOverride" value="1" />
        </LanguageOptions>
      </component>
      <component name="Encoding">
        <file url="PROJECT" charset="UTF-8" />
      </component>
      <component name="MessDetector">
        <phpmd_settings>
          <MessDetectorConfiguration tool_path="$USER_HOME$/Sites/bonoparques/magento/vendor/phpmd/phpmd/src/bin/phpmd" />
        </phpmd_settings>
      </component>
      <component name="NodePackageJsonFileManager">
        <packageJsonPaths />
      </component>
      <component name="PhpCodeSniffer">
        <phpcs_settings>
          <PhpCSConfiguration tool_path="~/.composer/vendor/bin/phpcs" />
        </phpcs_settings>
      </component>
      <component name="PhpProjectSharedConfiguration" php_language_level="7" />
      <component name="PhpWorkspaceProjectConfiguration" interpreter_name="PHP" />
      <component name="ProjectInspectionProfilesVisibleTreeState">
        <entry key="Project Default">
          <profile-state>
            <expanded-state>
              <State />
              <State>
                <id>PHP</id>
              </State>
              <State>
                <id>Quality toolsPHP</id>
              </State>
            </expanded-state>
            <selected-state>
              <State>
                <id>PhpCSValidationInspection</id>
              </State>
            </selected-state>
          </profile-state>
        </entry>
      </component>
      <component name="PropertiesComponent">
        <property name="nodejs_interpreter_path.stuck_in_default_project" value="/usr/local/bin/node" />
        <property name="nodejs_npm_path_reset_for_default_project" value="true" />
        <property name="settings.editor.selected.configurable" value="Errors" />
      </component>
      <component name="masterDetails">
        <states>
          <state key="Copyright.UI">
            <settings>
              <last-edited>Interactiv4</last-edited>
              <splitter-proportions>
                <option name="proportions">
                  <list>
                    <option value="0.2" />
                  </list>
                </option>
              </splitter-proportions>
            </settings>
          </state>
        </states>
      </component>
    </defaultProject>
  </component>
</application>